,t0,tf,p_l
0,,,[0. 0. 0.]
1,0.0,,[-0.13843662  0.          0.17745989]
2,0.0,,[0.15423782 0.         0.22638385]
